client_id,snapshot_id,seq_num,server_timestamp_ms,recv_time_ms,latency_ms,jitter_ms,perceived_position_error,cpu_percent,bandwidth_per_client_kbps
1,44,4,1762092613000,1762092613768,768,0,0.007328587394716502,14.1,39.911641019738234
1,45,5,1762092613000,1762092613770,770,1,0.09157717460599324,50.0,173.78378188395124
1,46,6,1762092613000,1762092613819,819,47,0.043890514560690146,10.5,85.00443702746162
1,47,7,1762092613000,1762092613820,820,48,0.007876632502425419,0.0,186.9733110646237
1,48,8,1762092613000,1762092613871,871,50,0.024647371621120674,12.5,50.156077623847224
1,49,9,1762092613000,1762092613871,871,50,0.0011656013079872408,0.0,76.05550045845334
1,50,10,1762092613000,1762092613922,922,49,0.0008156998981674213,12.2,161.28008358875348
1,51,11,1762092613000,1762092613923,923,49,0.09824165382880068,0.0,26.917847319036447
1,52,12,1762092613000,1762092613973,973,48,0.09123993643782846,20.9,43.591411641746106
1,53,13,1762092613000,1762092613974,974,49,0.07189986067114618,0.0,29.336823172024275
1,54,14,1762092614000,1762092614024,24,49,0.04505250194093074,19.5,83.83400085608797
1,55,15,1762092614000,1762092614025,25,49,0.031782461372216984,0.0,138.1760781771963
1,56,16,1762092614000,1762092614075,75,49,0.01953376490441862,24.4,132.54080840008822
1,57,17,1762092614000,1762092614075,75,49,0.05301192337224227,0.0,120.53599991585081
1,61,18,1762092614000,1762092614126,126,50,0.08264067563528399,12.5,110.79986687851385
2,61,4,1762092614000,1762092614127,127,0,0.027338932207053825,0.0,122.8425512518492
1,62,19,1762092614000,1762092614127,127,49,0.04396043850195022,0.0,109.89340201065492
2,62,5,1762092614000,1762092614128,128,1,0.08341966407986255,0.0,32.23622737012659
1,63,20,1762092614000,1762092614177,177,47,0.012790092640232299,20.0,42.16486154808967
2,63,6,1762092614000,1762092614177,177,47,0.05026084757455124,0.0,36.35694458580711
1,64,21,1762092614000,1762092614178,178,48,0.0013129135432412122,0.0,91.14227590524492
2,64,7,1762092614000,1762092614178,178,48,0.0860084074414667,0.0,155.60829697057886
1,65,22,1762092614000,1762092614228,228,49,0.039640981919608645,7.9,54.95709660849382
2,65,8,1762092614000,1762092614228,228,49,0.020982371656194723,0.0,145.95448285843375
2,66,9,1762092614000,1762092614229,229,50,0.0771285642253174,0.0,70.90650103390504
1,66,23,1762092614000,1762092614229,229,49,0.01180078731379234,0.0,114.36241136787406
1,67,24,1762092614000,1762092614279,279,48,0.0953751729193428,18.6,198.50858279332394
2,67,10,1762092614000,1762092614279,279,50,0.025579924994426885,0.0,31.355617242157933
1,68,25,1762092614000,1762092614280,280,48,0.09015368451485724,0.0,102.11346076974563
2,68,11,1762092614000,1762092614280,280,49,0.016406153151857197,0.0,136.67949586336516
1,69,26,1762092614000,1762092614330,330,49,0.01726762010776679,10.0,47.95276570604661
1,70,27,1762092614000,1762092614330,330,49,0.00141019656569803,0.0,181.06743005210208
2,69,12,1762092614000,1762092614331,331,50,0.007177442239873422,0.0,88.58615844409314
2,70,13,1762092614000,1762092614331,331,50,0.0446223184004141,0.0,175.84649867957228
1,71,28,1762092614000,1762092614381,381,50,0.07135431525544587,14.3,195.10587479091143
2,71,14,1762092614000,1762092614382,382,50,0.03615608770002158,0.0,66.80107615576685
2,72,15,1762092614000,1762092614383,383,50,0.07064835156149195,0.0,57.17214735913781
1,72,29,1762092614000,1762092614383,383,49,0.013883404765200025,0.0,132.25136735153382
2,73,16,1762092614000,1762092614432,432,49,0.010403937377313389,15.0,167.36670225718177
1,73,30,1762092614000,1762092614433,433,48,0.038259774760921184,0.0,187.91498222447015
1,74,31,1762092614000,1762092614434,434,49,0.03474747038279106,0.0,171.49255132759842
2,74,17,1762092614000,1762092614434,434,48,0.08529217768935012,0.0,55.02871370025983
1,75,32,1762092614000,1762092614483,483,49,0.07750444716141028,10.3,191.4646476379828
2,75,18,1762092614000,1762092614484,484,48,0.04691768246884788,100.0,148.77329859996482
1,76,33,1762092614000,1762092614485,485,48,0.07797084642918661,0.0,69.26253293993673
2,76,19,1762092614000,1762092614485,485,49,0.0007031033896775396,0.0,162.93536693256263
1,77,34,1762092614000,1762092614535,535,48,0.07761812618217401,12.8,148.39046166078515
2,77,20,1762092614000,1762092614542,542,55,0.09480929911138791,16.7,127.42765794627722
2,78,21,1762092614000,1762092614543,543,55,0.09282309765304053,0.0,68.63370546764887
1,78,35,1762092614000,1762092614544,544,40,0.06311342174488525,0.0,110.86971241686226
1,79,36,1762092614000,1762092614586,586,33,0.07256671252795392,16.7,191.03039112480369
2,79,22,1762092614000,1762092614586,586,42,0.047488771210560644,0.0,146.56743078507236
2,80,23,1762092614000,1762092614587,587,43,0.06429633683906445,0.0,187.76102729259273
1,80,37,1762092614000,1762092614587,587,40,0.05673590271852137,0.0,93.04231980762547
1,81,38,1762092614000,1762092614636,636,47,0.027369064320988512,15.0,182.58571519547655
2,81,24,1762092614000,1762092614637,637,49,0.027644277686900212,0.0,173.66702378670402
2,82,25,1762092614000,1762092614637,637,49,0.07406715138278536,0.0,186.62733378905773
1,82,39,1762092614000,1762092614637,637,48,0.04533338099367739,0.0,102.93202586141194
1,83,40,1762092614000,1762092614688,688,49,0.09420704167219618,16.3,56.02985966665428
2,83,26,1762092614000,1762092614689,689,52,0.027759303389071,0.0,163.1840335073925
2,84,27,1762092614000,1762092614690,690,51,0.0945423790399637,0.0,90.68613146896038
1,84,41,1762092614000,1762092614691,691,48,0.05738420304533466,0.0,171.6569114163112
1,85,42,1762092614000,1762092614739,739,45,0.025002384712074766,12.8,117.03194797890686
2,85,28,1762092614000,1762092614739,739,48,0.03125836197178392,0.0,165.13822787220514
2,86,29,1762092614000,1762092614740,740,48,0.0587178648706651,0.0,151.8038872287865
1,86,43,1762092614000,1762092614740,740,46,0.027527706109022443,0.0,167.8850499362175
1,87,44,1762092614000,1762092614789,789,48,0.02892999584462106,15.0,120.05432707259092
2,87,30,1762092614000,1762092614790,790,50,0.06076415146078021,0.0,75.60688479477446
2,88,31,1762092614000,1762092614791,791,50,0.06549094086430728,0.0,94.52283819344089
1,88,45,1762092614000,1762092614791,791,48,0.053655109495713005,0.0,174.91794150804742
1,89,46,1762092614000,1762092614841,841,48,0.062120939502697675,10.0,176.90084485783893
1,90,47,1762092614000,1762092614841,841,49,0.07442402986132111,0.0,38.5155607510058
2,89,32,1762092614000,1762092614842,842,50,0.03192822036896498,0.0,92.24858074786917
2,90,33,1762092614000,1762092614842,842,50,0.05019869573512908,0.0,122.18862458657563
1,91,48,1762092614000,1762092614892,892,49,0.004578961354393763,10.5,142.79401194031223
2,91,34,1762092614000,1762092614893,893,50,0.045508543525919924,50.0,71.05230834161733
2,92,35,1762092614000,1762092614898,898,46,0.04555058694098649,0.0,172.33525676635412
1,92,49,1762092614000,1762092614899,899,43,0.03552221611797029,0.0,38.85245096875241
2,93,36,1762092614000,1762092614943,943,39,0.0753282308539781,8.8,80.97988571057233
1,93,50,1762092614000,1762092614944,944,37,0.0005089337079700163,0.0,40.40248182422137
1,94,51,1762092614000,1762092614945,945,43,0.0075375986439350845,100.0,49.72387663882756
2,94,37,1762092614000,1762092614945,945,42,0.058779502984608725,0.0,109.62011120671431
1,95,52,1762092614000,1762092614994,994,48,0.08622888310479293,10.5,193.0533313953721
2,95,38,1762092614000,1762092614995,995,47,0.03544602667452801,0.0,174.64609018703305
1,96,53,1762092614000,1762092614996,996,47,0.0696686876994813,0.0,93.47833861919766
2,96,39,1762092614000,1762092614996,996,47,0.009589487405566244,66.7,102.52962060114915
1,97,54,1762092615000,1762092615045,45,47,0.03672052715814176,17.5,68.92386742893268
2,97,40,1762092615000,1762092615045,45,47,0.09714634455297753,0.0,70.09629989969596
1,98,55,1762092615000,1762092615046,46,47,0.021695990100305,0.0,28.76337063456561
2,98,41,1762092615000,1762092615046,46,48,0.08929914052091886,0.0,119.36520685286118
2,99,42,1762092615000,1762092615095,95,48,0.0987067607990586,15.0,61.96931817005029
1,99,56,1762092615000,1762092615096,96,48,0.08740580868093692,0.0,183.62664165534798
2,100,43,1762092615000,1762092615096,96,48,0.09190343508627069,0.0,131.76960824750876
1,100,57,1762092615000,1762092615096,96,49,0.011116539478538379,0.0,95.64479991995447
1,101,58,1762092615000,1762092615147,147,50,0.0420832085045865,14.3,198.10057373898425
2,101,44,1762092615000,1762092615149,149,52,0.08841999503959605,0.0,91.4010773546591
1,102,59,1762092615000,1762092615153,153,45,0.010354716251444462,66.7,173.25337202949052
2,102,45,1762092615000,1762092615153,153,48,0.016325088302494916,0.0,139.68333420157555
1,103,60,1762092615000,1762092615199,199,40,0.07636364415688349,10.8,145.76058600942753
2,103,46,1762092615000,1762092615201,201,43,0.03950467584856428,0.0,91.16613447577396
1,104,61,1762092615000,1762092615201,201,44,0.049919022321244656,0.0,53.23260450772532
2,104,47,1762092615000,1762092615202,202,45,0.0016125436971005437,0.0,139.9600711310782
1,105,62,1762092615000,1762092615250,250,45,0.06878165850264896,10.8,40.11832336283507
2,105,48,1762092615000,1762092615250,250,46,0.09277975307662413,0.0,46.01696588042478
2,106,49,1762092615000,1762092615251,251,47,0.06144490108373744,0.0,182.2836345954877
1,106,63,1762092615000,1762092615251,251,46,0.025434515764053645,0.0,52.738081099140025
1,107,64,1762092615000,1762092615300,300,47,0.012421623542973926,17.1,172.0917607276418
2,107,50,1762092615000,1762092615301,301,49,0.0635504510918221,0.0,139.37068617100516
1,108,65,1762092615000,1762092615301,301,48,0.060126363919752845,0.0,41.36543484323528
2,108,51,1762092615000,1762092615301,301,49,0.05733046095903639,0.0,176.9610090116502
1,109,66,1762092615000,1762092615351,351,49,0.042600581807683,12.5,102.97585811427668
1,110,67,1762092615000,1762092615352,352,49,0.05493976054232358,0.0,102.04998083182909
2,109,52,1762092615000,1762092615353,353,50,0.023732303604701424,0.0,182.15047932368586
2,110,53,1762092615000,1762092615353,353,50,0.0270542999943148,0.0,99.35563436574272
1,111,68,1762092615000,1762092615403,403,49,0.07003183878996197,12.5,42.903584451123464
2,111,54,1762092615000,1762092615403,403,49,0.016874128562226986,0.0,148.59406632764663
1,112,69,1762092615000,1762092615404,404,49,0.029074219741876264,0.0,107.74730770402934
2,112,55,1762092615000,1762092615404,404,49,0.09519505082761363,50.0,110.38494357447108
1,113,70,1762092615000,1762092615454,454,48,0.041857365213665704,12.8,100.49814588399448
2,113,56,1762092615000,1762092615454,454,48,0.08503719033921968,0.0,188.79264631941305
2,114,57,1762092615000,1762092615455,455,49,0.04333703753879408,0.0,45.62744213543896
1,114,71,1762092615000,1762092615455,455,48,0.020724656240275332,0.0,173.1956200661554
1,115,72,1762092615000,1762092615504,504,47,0.09528744425758028,12.8,118.3424080692589
2,115,58,1762092615000,1762092615505,505,49,0.033732747706072874,0.0,155.13200392944157
2,116,59,1762092615000,1762092615505,505,49,0.023646389193529394,0.0,98.51998017950896
1,116,73,1762092615000,1762092615506,506,47,0.005633365660440648,0.0,175.98718421944127
1,117,74,1762092615000,1762092615555,555,47,0.04995938865998102,12.5,87.0054932314699
2,117,60,1762092615000,1762092615556,556,49,0.0945643408121831,0.0,186.076978000861
1,118,75,1762092615000,1762092615556,556,47,0.09054344862983574,50.0,194.90191264098345
2,118,61,1762092615000,1762092615557,557,49,0.0672110486750504,0.0,149.48243215355504
1,119,76,1762092615000,1762092615605,605,47,0.08795564681470755,15.0,183.04265427508497
1,120,77,1762092615000,1762092615606,606,48,0.09406373335785201,0.0,193.6993958951067
2,119,62,1762092615000,1762092615607,607,48,0.03304677594456628,0.0,26.93876567194092
2,120,63,1762092615000,1762092615608,608,49,0.027916316394048513,0.0,105.45173483008769
1,121,78,1762092615000,1762092615656,656,48,0.005025528639813093,12.8,94.25921113280982
2,121,64,1762092615000,1762092615658,658,49,0.09295574603937118,50.0,116.24739925360126
2,122,65,1762092615000,1762092615658,658,49,0.041135938736490955,0.0,44.12734496720507
1,122,79,1762092615000,1762092615661,661,44,0.0626167976921088,0.0,105.26467986952026
1,123,80,1762092615000,1762092615707,707,40,0.041194317688548934,11.1,162.35820747971655
2,123,66,1762092615000,1762092615708,708,48,0.04510460287670809,0.0,193.50827865002256
2,124,67,1762092615000,1762092615709,709,48,0.07806489479133155,100.0,122.35090970233475
1,124,81,1762092615000,1762092615710,710,42,0.0018593526546878626,0.0,20.222784273881953
1,125,82,1762092615000,1762092615758,758,45,0.002630240748774926,13.2,83.28174925850297
2,125,68,1762092615000,1762092615759,759,48,0.05803498269333951,0.0,49.83913797717362
1,126,83,1762092615000,1762092615759,759,46,0.020867131398725338,0.0,175.64657511549038
2,126,69,1762092615000,1762092615759,759,48,0.08204776015512227,0.0,44.84067348510888
1,127,84,1762092615000,1762092615809,809,48,0.09545476730459465,12.8,90.0672097582207
2,127,70,1762092615000,1762092615809,809,49,0.0012499505626627273,0.0,172.23128879730177
1,128,85,1762092615000,1762092615810,810,48,0.08210770037268965,0.0,43.691579004465126
2,128,71,1762092615000,1762092615810,810,49,0.01947743514428062,0.0,173.08428279378103
1,129,86,1762092615000,1762092615860,860,49,0.03668973119951209,14.6,193.83182325195585
2,129,72,1762092615000,1762092615860,860,49,0.009732359240154233,0.0,52.81145531611068
1,130,87,1762092615000,1762092615861,861,49,0.07525890368120358,0.0,72.9627676018238
2,130,73,1762092615000,1762092615861,861,49,0.02094998936780267,0.0,157.72569833930496
1,131,88,1762092615000,1762092615911,911,49,0.03933636296746682,16.7,49.30359239209946
2,131,74,1762092615000,1762092615911,911,49,0.07032047289948237,0.0,108.9182912526306
1,132,89,1762092615000,1762092615912,912,49,0.08356070687214295,0.0,106.53520837325485
2,132,75,1762092615000,1762092615912,912,50,0.07524346947831181,0.0,82.00778719596664
1,133,90,1762092615000,1762092615962,962,49,0.08625588849945418,10.3,52.44357907868084
2,133,76,1762092615000,1762092615962,962,49,0.029607509526786736,0.0,92.60199934050839
1,134,91,1762092615000,1762092615963,963,49,0.05768094680334939,0.0,183.71567747222386
2,134,77,1762092615000,1762092615963,963,49,0.018244643008862572,0.0,195.07329689614645
1,135,92,1762092616000,1762092616012,12,48,0.03303153399591918,16.7,150.00608674061957
2,135,78,1762092616000,1762092616013,13,49,0.055847905104122846,0.0,79.4840487959556
1,136,93,1762092616000,1762092616014,14,48,0.07007245142026228,0.0,77.04972267340698
2,136,79,1762092616000,1762092616014,14,49,0.04115863853152595,0.0,38.97734440728384
1,137,94,1762092616000,1762092616063,63,47,0.09442283999893239,15.0,119.6826588719691
1,138,95,1762092616000,1762092616063,63,48,0.048202799070900006,0.0,57.90466527118106
2,137,80,1762092616000,1762092616064,64,48,0.09179469307387365,0.0,167.73886309464316
2,138,81,1762092616000,1762092616064,64,49,0.09423651475535251,0.0,95.02537398690006
1,139,96,1762092616000,1762092616114,114,49,0.0563063059794549,14.6,100.62337103417896
2,139,82,1762092616000,1762092616114,114,50,0.06089976251120052,0.0,111.9096104566673
1,140,97,1762092616000,1762092616115,115,49,0.02711983463424752,0.0,36.83237231628898
2,140,83,1762092616000,1762092616115,115,49,0.06816981001883052,0.0,89.05058809175254
2,141,84,1762092616000,1762092616165,165,47,0.037141699203201865,19.0,113.14992811049345
1,141,98,1762092616000,1762092616165,165,48,0.06388383489560466,0.0,128.18042478564237
1,142,99,1762092616000,1762092616165,165,49,0.053185481754166146,0.0,101.28241066894267
2,142,85,1762092616000,1762092616166,166,47,0.07319025539331285,0.0,88.64847248168168
1,143,100,1762092616000,1762092616216,216,50,0.013464621154717228,2.5,35.08962679406814
2,143,86,1762092616000,1762092616217,217,50,0.06977161232774803,0.0,145.68295119969508
1,144,101,1762092616000,1762092616218,218,48,0.02947370526873653,0.0,109.7836049121319
2,144,87,1762092616000,1762092616219,219,49,0.02370984273537692,0.0,163.1756554179771
1,145,102,1762092616000,1762092616267,267,46,0.00831625148898132,0.0,111.55668627678428
2,145,88,1762092616000,1762092616269,269,47,0.06046806793108437,0.0,168.81014524234186
1,146,103,1762092616000,1762092616270,270,46,0.07267397080322983,0.0,131.05530315049455
2,146,89,1762092616000,1762092616271,271,46,0.028446850152705108,0.0,192.47540509357162
1,147,104,1762092616000,1762092616319,319,46,0.05635992197352231,0.0,59.85228569886623
2,147,90,1762092616000,1762092616320,320,46,0.0717972336751455,0.0,29.601188389832803
2,148,91,1762092616000,1762092616321,321,47,0.04459786992317491,0.0,152.81349622486357
1,148,105,1762092616000,1762092616322,322,45,0.0649317518226758,0.0,39.93434301623971
1,149,106,1762092616000,1762092616370,370,43,0.029671264851778324,0.0,81.86899994653288
2,149,92,1762092616000,1762092616371,371,48,0.01229976305405911,0.0,146.95884885879906
2,150,93,1762092616000,1762092616372,372,48,0.05360976749344187,50.0,56.06955250126061
1,150,107,1762092616000,1762092616373,373,43,0.04152649324763835,0.0,169.09500931847793
1,151,108,1762092616000,1762092616421,421,44,0.0438074375899685,0.0,170.1236247749864
2,151,94,1762092616000,1762092616423,423,49,0.057145871306303525,0.0,180.79597380415498
2,152,95,1762092616000,1762092616424,424,49,0.0780077123772788,0.0,65.37478840220753
1,152,109,1762092616000,1762092616425,425,44,0.08729742482738398,100.0,32.45435917898643
1,153,110,1762092616000,1762092616473,473,44,0.07697240540907815,0.0,136.24837905514107
2,153,96,1762092616000,1762092616474,474,48,0.002358572003895565,0.0,32.955740720693896
1,154,111,1762092616000,1762092616475,475,46,0.0678657371704549,0.0,68.84412236477823
2,154,97,1762092616000,1762092616476,476,48,0.040699183978572265,0.0,48.28392699186035
1,155,112,1762092616000,1762092616525,525,48,0.09709767963829118,2.5,183.3136907405306
2,155,98,1762092616000,1762092616525,525,48,0.03503580862482375,0.0,82.0442820803553
1,156,113,1762092616000,1762092616526,526,48,0.06696547907581606,0.0,193.71674952468894
2,156,99,1762092616000,1762092616526,526,48,0.007988083699503146,0.0,74.03631578849289
1,157,114,1762092616000,1762092616575,575,48,0.03157978067292612,0.0,137.03837084574383
2,157,100,1762092616000,1762092616576,576,48,0.05780131396209143,0.0,44.11771096937719
1,158,115,1762092616000,1762092616577,577,47,0.09644353845270248,0.0,184.57466733526658
2,158,101,1762092616000,1762092616577,577,48,0.025154457436511082,0.0,186.95370884591148
1,159,116,1762092616000,1762092616626,626,48,0.011867652038592713,0.0,28.17608222345421
2,159,102,1762092616000,1762092616628,628,48,0.019039415519205106,0.0,127.2939050573929
1,160,117,1762092616000,1762092616629,629,47,0.027823319736123023,0.0,187.490817678758
2,160,103,1762092616000,1762092616630,630,47,0.010357945464941787,0.0,89.34299055947082
1,161,118,1762092616000,1762092616678,678,46,0.07501713442209802,0.0,171.46551236698508
2,161,104,1762092616000,1762092616679,679,47,0.018965712335793784,0.0,177.64516030422905
2,162,105,1762092616000,1762092616681,681,48,0.05178006447071246,50.0,144.937965207435
1,162,119,1762092616000,1762092616682,682,45,0.0016988932088203735,0.0,36.65293078500983
1,163,120,1762092616000,1762092616730,730,44,0.09883910486257402,2.6,26.823897480918497
2,163,106,1762092616000,1762092616731,731,49,0.006004873598107797,0.0,148.5501779931929
2,164,107,1762092616000,1762092616732,732,49,0.06874523866202535,0.0,66.71535595886559
1,164,121,1762092616000,1762092616733,733,44,0.06103608862415662,66.7,31.16524339290987
1,166,123,1762092616000,1762092616783,783,45,0.04375446262811126,0.0,62.405951263301894
2,166,109,1762092616000,1762092616784,784,50,0.05118543529687663,0.0,183.36386751663844
1,167,124,1762092616000,1762092616785,785,46,0.04894010238809217,0.0,146.49079391802883
1,168,125,1762092616000,1762092616833,833,45,0.07897774915530284,0.0,105.9373213289184
2,167,110,1762092616000,1762092616835,835,0,0.01841916128688228,0.0,108.91790472652004
2,168,111,1762092616000,1762092616835,835,50,0.024231866364392132,0.0,148.58245762698462
1,169,126,1762092616000,1762092616836,836,44,0.007972522301575746,0.0,51.03338890174766
1,170,127,1762092616000,1762092616885,885,45,0.0059918247016343745,2.5,98.34073433112725
2,169,112,1762092616000,1762092616887,887,51,0.08867220634416854,0.0,39.605569291321785
2,170,113,1762092616000,1762092616888,888,50,0.0035423628101743155,0.0,157.72600542037966
1,171,128,1762092616000,1762092616890,890,43,0.08738337039511751,0.0,72.48833284334142
1,172,129,1762092616000,1762092616936,936,40,0.04235868648425761,0.0,64.62790788969482
2,171,114,1762092616000,1762092616937,937,47,0.011349500408109081,0.0,108.94896385530933
2,172,115,1762092616000,1762092616938,938,46,0.049085896671463375,0.0,132.60587986147107
1,173,130,1762092616000,1762092616939,939,42,0.00341834197596177,0.0,56.570986674475094
1,174,131,1762092616000,1762092616987,987,43,0.06793080279890289,0.0,141.89185897788497
2,173,116,1762092616000,1762092616987,987,47,0.015664436161353348,0.0,190.94110662803138
1,175,132,1762092616000,1762092616988,988,46,0.06242541020358655,0.0,178.76462538791813
2,174,117,1762092616000,1762092616988,988,48,0.09867789569022727,0.0,98.32541860755956
1,176,133,1762092617000,1762092617039,39,50,0.045509487088048334,0.0,184.04166423113114
2,175,118,1762092616000,1762092617042,1042,53,0.013934115372941381,0.0,166.6962529321013
2,176,119,1762092617000,1762092617043,43,53,0.02476732196104362,0.0,196.3834622228183
1,177,134,1762092617000,1762092617043,43,47,0.017769793497845823,0.0,32.507877708781436
2,179,122,1762092617000,1762092617089,89,45,0.0615944246071117,0.0,114.96751868742018
1,179,136,1762092617000,1762092617097,97,49,0.06715518281324694,14.3,43.5716628667173
2,180,123,1762092617000,1762092617141,141,4,0.04999232137144554,0.0,187.1560869144913
1,180,137,1762092617000,1762092617141,141,8,0.02810482810233217,0.0,179.02294003190931
1,181,138,1762092617000,1762092617142,142,44,0.042825219550990494,0.0,198.7077154811905
2,181,124,1762092617000,1762092617142,142,50,0.06688558036284498,0.0,72.08990400785646
2,182,125,1762092617000,1762092617184,184,41,0.02357253281713706,2.9,119.84120281761972
1,182,139,1762092617000,1762092617192,192,49,0.014014139980582041,0.0,63.36302965854661
2,183,126,1762092617000,1762092617193,193,33,0.05009795245388619,100.0,62.71095285698674
1,183,140,1762092617000,1762092617194,194,48,0.017867946433075155,0.0,28.073301854387758
2,184,127,1762092617000,1762092617194,194,6,0.011194767331384615,0.0,117.90690615741916
1,184,141,1762092617000,1762092617243,243,47,0.016237175998982646,2.6,159.29714245086691
2,185,128,1762092617000,1762092617245,245,48,0.08942614186609178,50.0,78.82102827054877
1,185,142,1762092617000,1762092617246,246,47,0.020008721851620184,0.0,34.72692766464877
2,186,129,1762092617000,1762092617247,247,48,0.057932983270384354,0.0,108.55097495470741
1,186,143,1762092617000,1762092617295,295,47,0.01025445176654053,0.0,95.71728204946403
2,187,130,1762092617000,1762092617296,296,47,0.017152085263048067,0.0,191.27349524720182
2,188,131,1762092617000,1762092617298,298,48,0.09588761502290226,0.0,27.867820676684907
1,187,144,1762092617000,1762092617299,299,45,0.0009142331106739787,0.0,68.31953294326036
1,188,145,1762092617000,1762092617347,347,44,0.07537531669240642,0.0,176.1683963522845
2,189,132,1762092617000,1762092617348,348,49,0.028260960106190294,50.0,115.49681941038239
1,189,146,1762092617000,1762092617349,349,45,0.0012617145113404838,0.0,166.15969193023992
2,190,133,1762092617000,1762092617350,350,48,0.09035482416878511,0.0,142.42920407242232
1,190,147,1762092617000,1762092617398,398,46,0.01199530296703738,0.0,167.3092596619566
2,192,135,1762092617000,1762092617399,399,46,0.0458535714968374,0.0,156.65605568413315
1,191,148,1762092617000,1762092617401,401,46,0.05896356985857221,0.0,131.98219702146415
1,192,149,1762092617000,1762092617450,450,46,0.08048035994181757,0.0,190.74628096591923
2,194,137,1762092617000,1762092617451,451,2,0.027651938251233812,0.0,141.6594387050749
1,193,150,1762092617000,1762092617452,452,47,0.012853305342197386,0.0,125.62375255786438
1,194,151,1762092617000,1762092617500,500,46,0.02023191148899446,5.0,165.3865255998632
2,196,139,1762092617000,1762092617501,501,0,0.028901371832413425,0.0,92.2229301643035
1,195,152,1762092617000,1762092617502,502,47,0.00997031477365239,0.0,111.39620454940061
1,196,153,1762092617000,1762092617552,552,48,0.0719964358767102,0.0,125.07046453479397
2,198,141,1762092617000,1762092617553,553,0,0.03953683148585471,0.0,139.57370739761632
1,197,154,1762092617000,1762092617554,554,48,0.000434818583507135,0.0,29.697665965351224
1,198,155,1762092617000,1762092617603,603,47,0.01947228002838205,0.0,131.14336315579934
1,199,156,1762092617000,1762092617603,603,48,0.04568937958060387,0.0,93.53935224307193
1,200,157,1762092617000,1762092617653,653,49,0.05068332762078298,0.0,99.46480024218074
1,201,158,1762092617000,1762092617654,654,49,0.019576919285700847,0.0,100.22931850923806
1,202,159,1762092617000,1762092617704,704,49,0.012515329875973348,2.4,40.02351618794893
1,203,160,1762092617000,1762092617705,705,49,0.09009405798051358,0.0,57.030143617433694
1,204,161,1762092617000,1762092617755,755,49,0.06367271571458193,0.0,35.99620412780348
1,205,162,1762092617000,1762092617756,756,49,0.05706856508874217,0.0,135.16011415446343
1,206,163,1762092617000,1762092617807,807,49,0.013523129962779957,0.0,139.74933431856812
1,207,164,1762092617000,1762092617808,808,49,0.05958696632324409,0.0,170.45008801476814
1,208,165,1762092617000,1762092617858,858,48,0.014549033794457067,2.4,143.46411649123593
1,209,166,1762092617000,1762092617858,858,48,0.013429836846541178,0.0,136.79646039702718
1,210,167,1762092617000,1762092617908,908,48,0.06580780846797905,0.0,165.6105394722114
1,211,168,1762092617000,1762092617909,909,48,0.034993541456149156,0.0,143.71777454432993
1,212,169,1762092617000,1762092617960,960,50,0.024473722775065865,0.0,186.68477062994253
1,213,170,1762092617000,1762092617961,961,49,0.06967873464012457,0.0,32.103982999551306
1,214,171,1762092617000,1762092618010,1010,48,0.03303343616195353,0.0,90.33564510743082
1,215,172,1762092618000,1762092618011,11,48,0.04989323888266659,0.0,24.989958898656447
1,216,173,1762092618000,1762092618062,62,49,0.09549911248354588,0.0,168.42126442458735
1,217,174,1762092618000,1762092618063,63,49,0.08627266090521524,0.0,91.47813009243731
1,218,175,1762092618000,1762092618112,112,47,0.09553432531871127,4.9,199.3104351947736
1,219,176,1762092618000,1762092618115,115,46,0.09799628531220794,0.0,173.24448917866187
1,220,177,1762092618000,1762092618163,163,45,0.01965627126877926,0.0,139.48454858508111
1,221,178,1762092618000,1762092618164,164,47,0.02777948984178006,0.0,197.1017601182106
1,222,179,1762092618000,1762092618215,215,49,0.010622254193912684,2.4,197.2071842076456
1,223,180,1762092618000,1762092618215,215,49,0.023167512225924915,0.0,29.672973486929642
1,224,181,1762092618000,1762092618266,266,49,0.05841980312344618,2.5,70.39802160213951
1,225,182,1762092618000,1762092618269,269,47,0.09904657739386104,0.0,121.95466860924746
1,226,183,1762092618000,1762092618317,317,45,0.023517763352732104,0.0,61.23895339734944
1,227,184,1762092618000,1762092618318,318,47,0.07942081479845561,0.0,54.70557199606739
1,228,185,1762092618000,1762092618368,368,48,0.015545558198299737,0.0,177.65450347248114
1,229,186,1762092618000,1762092618369,369,48,0.05956165067759284,0.0,21.932708436582683
1,230,187,1762092618000,1762092618418,418,49,0.06977230819068493,0.0,113.58421837495167
1,231,188,1762092618000,1762092618419,419,49,0.07709834829855347,0.0,53.88397276886907
1,232,189,1762092618000,1762092618470,470,49,0.00909029335202175,0.0,79.76223550452096
1,233,190,1762092618000,1762092618471,471,49,0.0895351334852949,0.0,122.03403984283668
1,234,191,1762092618000,1762092618521,521,49,0.0365439565512077,7.1,35.437547607451336
1,235,192,1762092618000,1762092618522,522,49,0.07875738757263319,0.0,177.61595040790542
1,236,193,1762092618000,1762092618573,573,49,0.028904829427339563,2.4,51.04926119597274
1,237,194,1762092618000,1762092618574,574,49,0.07882958333791718,0.0,146.09742742595353
1,238,195,1762092618000,1762092618624,624,49,0.06083663860285228,0.0,166.12953070931732
1,239,196,1762092618000,1762092618625,625,49,0.060487885474613416,0.0,85.22865051802503
1,240,197,1762092618000,1762092618675,675,49,0.008787283301863503,0.0,176.4473456737269
1,241,198,1762092618000,1762092618676,676,49,0.026540457447051226,0.0,157.5839491733058
1,242,199,1762092618000,1762092618726,726,49,0.03604167281373284,0.0,171.00139247971762
1,243,200,1762092618000,1762092618727,727,49,0.058813042451198186,0.0,63.09057226763076
1,244,201,1762092618000,1762092618778,778,49,0.02642095184522878,7.0,28.450548080037077
1,245,202,1762092618000,1762092618779,779,49,0.012314572938394996,0.0,41.480983341646805
1,246,203,1762092618000,1762092618830,830,50,0.06918667549019053,0.0,198.6488245128799
1,247,204,1762092618000,1762092618831,831,50,0.026408353357883566,0.0,95.61316475215659
1,248,205,1762092618000,1762092618880,880,48,0.027724623804755013,2.5,55.308167222526365
1,249,206,1762092618000,1762092618881,881,48,0.01295394082552679,0.0,110.43225047441962
1,250,207,1762092618000,1762092618932,932,49,0.04682165235392535,0.0,183.88283304798554
1,251,208,1762092618000,1762092618932,932,49,0.06627678006903896,0.0,107.81454787593204
1,252,209,1762092618000,1762092618983,983,49,0.04792797649997598,0.0,27.807787602596907
1,253,210,1762092618000,1762092618983,983,49,0.06570849771631695,0.0,26.736223985126593
1,254,211,1762092618000,1762092619034,1034,49,0.051638273475052815,2.5,168.84144523972574
1,255,212,1762092619000,1762092619035,35,49,0.0467969764674709,0.0,134.43784155986117
1,256,213,1762092619000,1762092619085,85,49,0.07136397889172472,0.0,151.15913180510128
1,257,214,1762092619000,1762092619086,86,49,0.027247330603920473,0.0,138.19798836528287
1,258,215,1762092619000,1762092619136,136,49,0.06812789160454778,2.4,40.09096707578074
1,259,216,1762092619000,1762092619137,137,49,0.03292225027666007,0.0,39.42841328489403
1,260,217,1762092619000,1762092619188,188,49,0.05317241906047135,0.0,52.24571089791605
1,261,218,1762092619000,1762092619188,188,49,0.028094102464932325,50.0,48.07659608548835
1,262,219,1762092619000,1762092619239,239,49,0.03665955754718677,0.0,91.77548739202523
1,263,220,1762092619000,1762092619240,240,50,0.03234368220533558,0.0,81.32794219741108
1,264,221,1762092619000,1762092619290,290,49,0.06814850743797475,4.8,186.34488352688635
1,265,222,1762092619000,1762092619291,291,49,0.08902209812808368,0.0,93.6382478789065
1,266,223,1762092619000,1762092619341,341,49,0.07760588745904504,0.0,147.7949407163405
1,267,224,1762092619000,1762092619342,342,49,0.09279903147364016,0.0,47.05994488466244
1,268,225,1762092619000,1762092619392,392,49,0.05244451950566682,0.0,121.61123919325453
1,269,226,1762092619000,1762092619393,393,49,0.08183212601968601,100.0,180.50323207336703
1,270,227,1762092619000,1762092619444,444,49,0.09598755077026933,0.0,40.32164676896967
1,271,228,1762092619000,1762092619444,444,49,0.05693298091164774,100.0,117.28350891048443
1,272,229,1762092619000,1762092619495,495,49,0.017023744910816218,0.0,125.00393176297052
1,273,230,1762092619000,1762092619496,496,49,0.07755480374442089,0.0,111.58291787760214
1,274,231,1762092619000,1762092619546,546,49,0.03907351160368319,9.3,115.33051092588249
1,275,232,1762092619000,1762092619546,546,49,0.03311719569000672,0.0,162.4305028475851
1,276,233,1762092619000,1762092619596,596,49,0.07645896052259084,0.0,28.668111675542384
1,277,234,1762092619000,1762092619597,597,49,0.03034349453264225,0.0,160.2285873966029
1,278,235,1762092619000,1762092619647,647,49,0.06979558630885946,0.0,146.96783897729546
1,279,236,1762092619000,1762092619648,648,49,0.020775937367161802,100.0,143.04332014838863
1,280,237,1762092619000,1762092619699,699,49,0.0922607002568237,0.0,104.88895419910212
1,281,238,1762092619000,1762092619699,699,49,0.0955578559854456,0.0,32.379743446726
1,282,239,1762092619000,1762092619750,750,49,0.0855545648984764,0.0,186.34617048564894
1,283,240,1762092619000,1762092619750,750,49,0.06332232889796514,0.0,74.74330975436182
1,286,243,1762092619000,1762092619800,800,49,0.0754981132226073,0.0,181.45928826501515
1,287,244,1762092619000,1762092619851,851,0,5.9935085879458955e-05,0.0,148.4793361150188
1,288,245,1762092619000,1762092619851,851,49,0.0559291955011348,0.0,34.883518798030835
1,289,246,1762092619000,1762092619902,902,49,0.02384844777308224,0.0,101.26045874207732
1,290,247,1762092619000,1762092619902,902,49,0.002311552861599242,0.0,166.06137863277763
1,291,248,1762092619000,1762092619953,953,49,0.02629225272464767,2.4,55.97119782286889
1,292,249,1762092619000,1762092619954,954,49,0.035278989575342694,0.0,179.0964334920276
1,293,250,1762092619000,1762092619996,996,41,0.027155726667560956,0.0,181.60213813945404
1,294,251,1762092620000,1762092620004,4,34,0.07965229973657428,25.0,186.23257231932035
1,295,252,1762092620000,1762092620004,4,6,0.03774068303542444,0.0,171.15717412097038
1,296,253,1762092620000,1762092620055,55,49,0.044170538117202875,0.0,47.84491280407822
1,297,254,1762092620000,1762092620056,56,49,0.02044041821892242,0.0,171.33966472248736
1,299,256,1762092620000,1762092620106,106,49,0.029773627475730504,0.0,199.36688939408143
1,300,257,1762092620000,1762092620157,157,0,0.029113850427530875,4.8,99.5709719505118
1,301,258,1762092620000,1762092620157,157,49,0.003018617679890734,0.0,161.9288992859678
1,302,259,1762092620000,1762092620197,197,38,0.05019982118090647,3.1,190.01671210690037
1,303,260,1762092620000,1762092620208,208,27,0.09009745291147911,0.0,82.94056482961942
1,304,261,1762092620000,1762092620209,209,10,0.05513913954487736,0.0,50.523873660174466
1,305,262,1762092620000,1762092620259,259,49,0.031458238794249374,0.0,22.528726479374033
1,306,263,1762092620000,1762092620260,260,49,0.09466205179796254,0.0,147.22141695700338
1,307,264,1762092620000,1762092620311,311,50,0.01906258861708552,4.8,53.13688663931942
1,308,265,1762092620000,1762092620312,312,50,0.027731298896358315,0.0,123.09044854306953
1,309,266,1762092620000,1762092620363,363,50,0.09680513630273968,0.0,168.82657531099807
1,310,267,1762092620000,1762092620364,364,49,0.02739019919115181,0.0,98.233413172692
1,312,269,1762092620000,1762092620414,414,49,0.06662120433771056,0.0,101.18848249511663
1,314,271,1762092620000,1762092620465,465,0,0.04488878528657363,0.0,67.89830841988424
1,316,273,1762092620000,1762092620516,516,0,0.09934730001420962,2.4,60.0062393042712
1,318,275,1762092620000,1762092620567,567,1,0.046791003650748376,0.0,193.39745987990176
